Page total likes;Type;Category;Post Month;Post Weekday;Post Hour;Paid;comment;like;share;Post id
81370;Photo;3;1;4;11;0.0;7;91.0;38.0;494
81370;Photo;1;1;5;2;0.0;4;93.0;18.0;493
81370;Photo;2;1;5;8;0.0;0;53.0;22.0;492
85093;Photo;3;1;7;2;0.0;5;53.0;26.0;491
85093;Photo;3;1;7;10;0.0;10;125.0;41.0;490
85093;Photo;3;1;1;2;0.0;17;185.0;55.0;489
85979;Link;1;1;5;11;0.0;0;128.0;9.0;488
85979;Photo;3;1;6;3;1.0;1;105.0;46.0;487
85979;Photo;3;1;6;11;0.0;1;79.0;30.0;486
85979;Photo;3;1;7;2;0.0;1;74.0;28.0;485
85979;Photo;3;1;7;10;0.0;21;277.0;80.0;484
85979;Photo;3;1;1;2;0.0;1;44.0;21.0;483
85979;Photo;3;1;1;12;0.0;2;56.0;25.0;482
86491;Link;1;1;2;2;0.0;0;12.0;2.0;481
86491;Photo;3;1;2;7;0.0;2;82.0;24.0;480
86491;Photo;2;1;3;3;0.0;2;69.0;26.0;479
86491;Photo;3;1;3;10;0.0;3;187.0;36.0;478
86491;Link;1;1;4;4;1.0;0;5.0;2.0;477
86909;Photo;2;1;4;11;0.0;56;360.0;99.0;476
86909;Photo;3;1;5;4;0.0;7;84.0;36.0;475
86909;Photo;3;1;5;13;0.0;1;74.0;31.0;474
86909;Link;1;1;6;4;0.0;1;101.0;5.0;473
86909;Photo;1;1;6;10;1.0;7;579.0;47.0;472
86909;Photo;3;1;6;16;1.0;0;65.0;19.0;471
91009;Photo;1;2;1;12;0.0;0;73.0;13.0;470
91116;Photo;3;2;2;4;1.0;4;136.0;42.0;469
91223;Photo;1;2;2;13;0.0;0;46.0;15.0;468
91330;Photo;3;2;3;3;0.0;7;160.0;57.0;467
91437;Link;1;2;3;13;0.0;4;114.0;13.0;466
91544;Photo;3;2;4;3;0.0;10;193.0;61.0;465
91651;Photo;1;2;4;12;0.0;5;264.0;36.0;464
91758;Photo;2;2;5;3;1.0;1;200.0;37.0;463
91865;Photo;2;2;5;13;1.0;3;47.0;21.0;462
91972;Photo;3;2;6;3;0.0;4;128.0;38.0;461
92079;Photo;1;2;6;13;0.0;9;268.0;36.0;460
92186;Photo;3;2;7;2;1.0;8;134.0;34.0;459
92293;Photo;3;2;7;13;1.0;19;214.0;78.0;458
92400;Photo;1;2;1;4;0.0;5;79.0;11.0;457
92507;Photo;3;2;1;13;0.0;146;1546.0;181.0;456
92614;Photo;2;2;2;3;1.0;2;129.0;32.0;455
92721;Photo;3;2;2;13;0.0;5;128.0;32.0;454
92828;Photo;1;2;3;6;0.0;6;154.0;18.0;453
92935;Photo;1;2;3;9;1.0;1;22.0;6.0;452
93042;Photo;3;2;3;13;0.0;5;159.0;53.0;451
93149;Photo;3;2;4;3;0.0;14;198.0;70.0;450
93256;Photo;3;2;4;12;0.0;3;98.0;27.0;449
93363;Photo;1;2;5;6;0.0;4;49.0;15.0;448
93470;Photo;1;2;5;12;0.0;0;96.0;29.0;447
93577;Photo;1;2;6;6;0.0;3;148.0;21.0;446
93684;Photo;1;2;6;13;1.0;6;234.0;26.0;445
96749;Photo;1;3;7;5;1.0;2;59.0;6.0;444
96749;Photo;1;3;7;10;1.0;6;88.0;24.0;443
96749;Photo;1;3;1;2;1.0;10;197.0;21.0;442
96749;Photo;1;3;1;13;1.0;1;55.0;7.0;441
96749;Photo;2;3;2;5;0.0;0;48.0;20.0;440
96749;Photo;3;3;2;9;0.0;1;62.0;10.0;439
98195;Photo;3;3;4;13;0.0;10;664.0;97.0;438
98195;Photo;1;3;5;4;1.0;0;0.0;0.0;437
98195;Photo;1;3;5;10;0.0;1;28.0;7.0;436
98195;Photo;1;3;6;3;0.0;1;76.0;9.0;435
98195;Link;2;3;6;6;0.0;2;32.0;15.0;434
100732;Photo;1;3;6;10;0.0;0;136.0;13.0;433
100732;Photo;1;3;6;13;1.0;16;127.0;0.0;432
100732;Photo;1;3;6;15;0.0;11;95.0;4.0;431
100732;Photo;1;3;6;15;0.0;1;15.0;1.0;430
100732;Photo;1;3;6;17;0.0;12;211.0;14.0;429
100732;Photo;1;3;6;17;0.0;0;4.0;1.0;428
100732;Photo;1;3;7;12;0.0;0;4.0;0.0;427
100732;Link;1;3;7;14;0.0;0;6.0;0.0;426
100732;Photo;1;3;7;15;0.0;0;3.0;0.0;425
100732;Photo;1;3;7;15;0.0;0;2.0;0.0;424
100732;Photo;1;3;7;17;0.0;4;213.0;13.0;423
100732;Photo;1;3;7;18;0.0;0;6.0;1.0;422
102112;Link;3;3;1;3;0.0;2;68.0;15.0;421
102112;Photo;1;3;1;18;0.0;0;32.0;6.0;420
102112;Photo;1;3;1;18;0.0;8;109.0;3.0;419
102112;Photo;1;3;1;19;0.0;0;2.0;0.0;418
102112;Photo;1;3;2;3;0.0;0;32.0;7.0;417
102112;Photo;1;3;2;12;0.0;0;61.0;13.0;416
102112;Photo;1;3;3;4;0.0;0;39.0;14.0;415
102112;Photo;1;3;3;10;0.0;1;27.0;11.0;414
104070;Photo;1;3;3;10;0.0;0;0.0;0.0;413
104070;Status;1;3;3;15;0.0;3;25.0;6.0;412
104070;Photo;1;3;4;7;0.0;7;227.0;15.0;411
104070;Photo;1;3;4;14;1.0;3;176.0;29.0;410
104070;Photo;1;3;5;14;1.0;2;63.0;16.0;409
106928;Photo;1;4;4;3;1.0;1;89.0;14.0;408
106928;Photo;3;4;4;13;0.0;1;75.0;15.0;407
106928;Photo;2;4;5;3;0.0;7;142.0;24.0;406
106928;Photo;2;4;5;13;0.0;4;138.0;26.0;405
106928;Link;1;4;6;4;0.0;1;36.0;7.0;404
106928;Photo;3;4;6;9;1.0;2;56.0;9.0;403
107907;Photo;3;4;7;3;0.0;2;97.0;25.0;402
107907;Photo;3;4;7;10;0.0;1;63.0;26.0;401
107907;Photo;3;4;1;3;0.0;1;52.0;24.0;400
107907;Link;1;4;2;6;0.0;1;379.0;40.0;399
107907;Photo;1;4;3;4;1.0;4;128.0;17.0;398
107907;Photo;1;4;3;13;1.0;9;329.0;38.0;397
107907;Photo;3;4;4;5;1.0;5;91.0;26.0;396
107907;Photo;3;4;4;13;0.0;9;164.0;52.0;395
107907;Photo;3;4;5;3;0.0;1;71.0;18.0;394
107907;Photo;1;4;5;9;0.0;5;81.0;11.0;393
107907;Photo;3;4;6;3;1.0;1;87.0;27.0;392
107907;Photo;1;4;6;9;0.0;1;51.0;6.0;391
107907;Photo;3;4;7;13;0.0;3;114.0;21.0;390
109670;Photo;3;4;7;14;0.0;1;57.0;13.0;389
109670;Photo;1;4;1;2;0.0;1;96.0;18.0;388
109670;Photo;2;4;1;13;1.0;6;766.0;109.0;387
109670;Photo;3;4;2;2;1.0;0;48.0;14.0;386
109670;Photo;1;4;2;13;0.0;4;37.0;3.0;385
109670;Photo;1;4;3;8;0.0;0;35.0;5.0;384
109670;Photo;1;4;3;13;1.0;0;112.0;14.0;383
109670;Photo;1;4;4;3;0.0;0;48.0;8.0;382
109670;Photo;3;4;5;7;1.0;5;140.0;38.0;381
109670;Photo;1;4;5;13;0.0;3;53.0;13.0;380
109670;Photo;3;4;6;3;0.0;2;92.0;28.0;379
109670;Photo;1;4;6;13;0.0;1;64.0;22.0;378
109670;Photo;3;4;6;20;0.0;11;235.0;34.0;377
111620;Photo;1;4;7;14;0.0;8;186.0;18.0;376
111620;Photo;3;4;1;14;1.0;51;1998.0;128.0;375
111620;Photo;1;4;2;6;1.0;2;152.0;11.0;374
111620;Photo;3;4;2;13;1.0;8;236.0;51.0;373
111620;Photo;3;4;3;7;0.0;0;66.0;13.0;372
111620;Photo;3;4;4;7;1.0;0;286.0;30.0;371
113028;Photo;1;4;4;12;1.0;0;59.0;16.0;370
113028;Photo;1;4;5;5;0.0;2;93.0;26.0;369
113028;Link;1;4;5;7;1.0;7;38.0;11.0;368
113028;Status;2;4;6;3;1.0;17;447.0;123.0;367
113028;Photo;1;4;6;14;0.0;45;407.0;76.0;366
113028;Photo;2;4;7;3;1.0;2;163.0;35.0;365
115368;Photo;1;4;1;2;0.0;4;41.0;9.0;364
115368;Photo;3;4;2;2;1.0;12;138.0;39.0;363
115368;Photo;3;4;2;13;0.0;4;304.0;47.0;362
115368;Photo;3;4;3;8;0.0;1;124.0;32.0;361
115893;Photo;1;4;3;13;0.0;9;194.0;33.0;360
115893;Photo;3;4;4;15;1.0;1;179.0;30.0;359
116091;Status;2;5;5;7;0.0;1;129.0;36.0;358
116091;Photo;3;5;6;3;0.0;0;87.0;18.0;357
116091;Photo;1;5;6;9;0.0;3;72.0;24.0;356
116091;Photo;3;5;7;2;0.0;25;256.0;54.0;355
116091;Photo;2;5;7;14;0.0;1;144.0;29.0;354
116091;Photo;2;5;1;3;0.0;2;267.0;40.0;353
116435;Photo;3;5;1;13;0.0;3;148.0;16.0;352
116435;Photo;1;5;2;8;0.0;12;138.0;38.0;351
116435;Photo;2;5;2;14;0.0;2;98.0;18.0;350
116435;Photo;3;5;3;7;0.0;4;400.0;25.0;349
116435;Status;1;5;4;3;1.0;6;210.0;39.0;348
116435;Photo;3;5;4;13;1.0;4;166.0;33.0;347
116435;Photo;2;5;5;9;0.0;3;155.0;32.0;346
117764;Photo;3;5;5;13;0.0;45;1639.0;122.0;345
117764;Photo;3;5;6;8;1.0;12;155.0;23.0;344
117764;Photo;3;5;6;13;0.0;1;58.0;13.0;343
117764;Photo;3;5;7;2;0.0;37;821.0;90.0;342
117764;Photo;3;5;7;13;1.0;3;156.0;20.0;341
117764;Link;1;5;1;2;0.0;3;46.0;14.0;340
117764;Photo;3;5;1;13;1.0;6;101.0;29.0;339
117764;Photo;2;5;2;11;0.0;5;194.0;33.0;338
117764;Photo;3;5;3;11;0.0;2;95.0;17.0;337
117764;Photo;3;5;4;4;0.0;6;212.0;36.0;336
117764;Photo;1;5;4;10;0.0;25;307.0;58.0;335
119198;Photo;3;5;5;10;1.0;25;244.0;44.0;334
119198;Photo;3;5;6;6;0.0;4;79.0;16.0;333
119198;Photo;3;5;6;14;0.0;2;72.0;9.0;332
119198;Photo;2;5;7;2;0.0;1;142.0;37.0;331
119198;Status;2;5;1;2;0.0;2;55.0;10.0;330
119198;Photo;3;5;2;1;0.0;0;64.0;20.0;329
119198;Photo;3;5;2;12;0.0;0;50.0;10.0;328
119198;Photo;3;5;3;5;0.0;1;107.0;26.0;327
120050;Photo;3;5;3;12;0.0;20;199.0;32.0;326
120050;Photo;3;5;4;4;1.0;7;139.0;34.0;325
120050;Photo;3;5;4;12;0.0;16;617.0;58.0;324
120050;Photo;3;5;5;9;1.0;3;97.0;22.0;323
121540;Photo;2;5;7;14;0.0;1;79.0;17.0;322
121540;Photo;3;6;1;3;0.0;2;33.0;10.0;321
123047;Photo;3;6;1;3;1.0;2;57.0;6.0;320
123047;Photo;3;6;1;10;0.0;20;1372.0;47.0;319
123047;Photo;3;6;2;5;1.0;2;67.0;14.0;318
123047;Photo;3;6;2;13;0.0;2;51.0;6.0;317
123047;Photo;1;6;3;11;0.0;0;36.0;5.0;316
123047;Photo;2;6;4;5;1.0;18;168.0;49.0;315
123047;Photo;3;6;4;13;0.0;2;180.0;44.0;314
123047;Photo;2;6;5;3;0.0;2;74.0;14.0;313
123047;Photo;3;6;5;12;0.0;0;58.0;17.0;312
124940;Photo;3;6;6;4;0.0;9;186.0;23.0;311
124940;Photo;1;6;6;12;1.0;0;24.0;4.0;310
124940;Photo;3;6;7;3;1.0;3;65.0;14.0;309
124940;Photo;3;6;7;10;0.0;2;59.0;12.0;308
124940;Photo;3;6;1;3;0.0;2;84.0;13.0;307
124940;Photo;1;6;1;13;0.0;0;22.0;3.0;306
124940;Photo;3;6;2;3;0.0;8;107.0;20.0;305
124940;Photo;3;6;2;13;0.0;3;142.0;18.0;304
124940;Photo;3;6;3;3;1.0;4;154.0;26.0;303
124940;Photo;2;6;3;13;0.0;12;148.0;28.0;302
124940;Photo;3;6;4;2;0.0;2;208.0;28.0;301
124940;Photo;1;6;4;12;0.0;0;148.0;7.0;300
124940;Photo;3;6;5;3;1.0;4;330.0;29.0;299
124940;Photo;1;6;5;13;1.0;9;197.0;28.0;298
124940;Photo;3;6;6;2;1.0;1;72.0;16.0;297
124940;Photo;2;6;6;9;0.0;11;231.0;43.0;296
124940;Photo;1;6;7;4;0.0;0;14.0;1.0;295
125612;Photo;2;6;7;11;0.0;0;78.0;16.0;294
125612;Photo;3;6;1;3;0.0;0;62.0;10.0;293
125612;Photo;3;6;1;14;0.0;5;93.0;19.0;292
125612;Photo;1;6;2;2;0.0;5;54.0;7.0;291
125612;Photo;1;6;2;13;0.0;0;72.0;21.0;290
125612;Photo;2;6;3;3;0.0;1;71.0;23.0;289
125612;Photo;1;6;3;11;0.0;0;19.0;5.0;288
125612;Photo;2;6;4;3;0.0;5;141.0;26.0;287
125612;Photo;1;6;4;7;0.0;0;23.0;2.0;286
125612;Photo;1;6;4;11;0.0;5;57.0;5.0;285
126141;Photo;1;6;4;12;0.0;103;469.0;33.0;284
126141;Photo;1;6;4;22;1.0;14;102.0;9.0;283
126141;Photo;1;6;5;11;1.0;0;15.0;3.0;282
126141;Status;2;6;6;4;0.0;4;72.0;18.0;281
126141;Photo;1;6;6;12;0.0;11;129.0;12.0;280
126141;Photo;1;6;7;4;1.0;1;34.0;4.0;279
126345;Status;2;6;7;11;0.0;0;104.0;13.0;278
126345;Photo;2;6;1;4;0.0;1;71.0;17.0;277
126345;Photo;2;6;1;12;0.0;1;40.0;8.0;276
126345;Photo;1;6;2;3;0.0;7;148.0;39.0;275
126345;Photo;1;6;2;9;1.0;11;202.0;5.0;274
126424;Video;1;6;2;13;0.0;23;204.0;44.0;273
126424;Photo;3;7;3;4;1.0;0;25.0;5.0;272
126424;Status;2;7;3;13;0.0;36;98.0;14.0;271
126424;Photo;2;7;4;3;0.0;18;46.0;7.0;270
126424;Photo;3;7;4;12;0.0;1;143.0;27.0;269
127082;Photo;1;7;3;3;1.0;22;534.0;31.0;268
128032;Photo;1;7;3;10;1.0;7;215.0;47.0;267
128032;Photo;2;7;4;5;1.0;6;696.0;28.0;266
128032;Photo;1;7;4;9;1.0;2;47.0;4.0;265
128032;Photo;1;7;5;3;0.0;26;162.0;7.0;264
128032;Status;2;7;5;10;0.0;13;61.0;13.0;263
128032;Photo;1;7;6;3;0.0;2;75.0;24.0;262
128032;Photo;3;7;6;13;1.0;3;42.0;10.0;261
128032;Photo;3;7;7;3;0.0;7;529.0;60.0;260
128032;Photo;2;7;7;11;1.0;0;66.0;9.0;259
128032;Photo;2;7;1;3;0.0;2;61.0;16.0;258
129600;Photo;1;7;1;13;0.0;13;234.0;43.0;257
129600;Photo;2;7;2;7;1.0;0;128.0;15.0;256
129600;Photo;3;7;2;13;0.0;9;152.0;41.0;255
129600;Photo;2;7;3;1;0.0;10;167.0;26.0;254
129600;Photo;1;7;3;13;1.0;4;104.0;10.0;253
129600;Photo;1;7;4;6;1.0;2;126.0;32.0;252
129600;Photo;2;7;4;12;1.0;30;47.0;8.0;251
129600;Photo;3;7;5;3;0.0;10;755.0;58.0;250
129600;Status;2;7;5;12;1.0;11;238.0;51.0;249
129600;Photo;3;7;6;5;0.0;6;226.0;42.0;248
129600;Photo;1;7;6;11;0.0;6;194.0;34.0;247
129600;Photo;1;7;7;6;1.0;4;71.0;10.0;246
129600;Photo;2;7;7;11;1.0;1;53.0;14.0;245
129600;Photo;3;7;1;6;0.0;1;98.0;19.0;244
129600;Photo;2;7;1;12;0.0;0;96.0;19.0;243
130791;Photo;2;7;2;8;0.0;0;73.0;15.0;242
130791;Photo;1;7;2;13;0.0;4;154.0;30.0;241
130791;Photo;2;7;3;5;1.0;372;5172.0;790.0;240
130791;Video;1;7;3;11;1.0;18;315.0;76.0;239
130791;Status;2;7;4;6;0.0;9;484.0;79.0;238
130791;Photo;1;7;4;11;0.0;4;118.0;22.0;237
130791;Photo;3;7;5;3;0.0;6;535.0;83.0;236
130791;Photo;2;7;5;11;1.0;10;145.0;31.0;235
131300;Photo;1;7;6;2;0.0;2;101.0;25.0;234
131300;Photo;2;7;6;10;0.0;4;112.0;23.0;233
131300;Photo;3;7;7;4;0.0;12;237.0;45.0;232
131300;Status;2;7;7;10;0.0;3;13.0;1.0;231
131630;Photo;2;7;1;5;0.0;1;98.0;21.0;230
131630;Photo;1;7;1;11;0.0;1;43.0;10.0;229
131630;Status;2;7;2;6;1.0;6;14.0;1.0;228
131630;Photo;3;7;2;13;0.0;0;94.0;20.0;227
131630;Photo;3;7;2;23;0.0;2;113.0;20.0;226
131630;Photo;2;7;3;13;0.0;9;102.0;19.0;225
131728;Photo;2;7;4;3;0.0;64;367.0;25.0;224
131728;Photo;1;7;4;10;1.0;6;109.0;11.0;223
131728;Photo;3;7;5;8;1.0;3;188.0;26.0;222
131808;Status;2;7;5;14;0.0;9;95.0;17.0;221
131808;Photo;1;8;6;6;0.0;2;80.0;21.0;220
131808;Status;2;8;6;10;1.0;18;332.0;54.0;219
131808;Status;2;8;7;4;0.0;1;74.0;11.0;218
131956;Photo;3;8;7;10;0.0;6;179.0;27.0;217
131956;Photo;2;8;1;4;0.0;2;86.0;8.0;216
131956;Photo;3;8;1;12;0.0;16;227.0;28.0;215
131956;Photo;1;8;2;7;0.0;3;87.0;10.0;214
131956;Status;2;8;2;12;0.0;41;15.0;1.0;213
131956;Photo;2;8;3;4;0.0;2;17.0;9.0;212
131956;Photo;1;8;3;10;0.0;2;114.0;10.0;211
132201;Photo;3;8;4;3;1.0;4;435.0;31.0;210
132201;Photo;3;8;4;11;1.0;1;11.0;3.0;209
132201;Photo;2;8;5;1;0.0;3;36.0;11.0;208
132201;Photo;3;8;5;10;0.0;2;264.0;21.0;207
132201;Photo;3;8;6;3;1.0;6;98.0;3.0;206
132201;Photo;2;8;6;10;1.0;2;74.0;22.0;205
132201;Photo;3;8;7;3;0.0;1;54.0;11.0;204
132201;Photo;2;8;7;10;0.0;5;137.0;20.0;203
132201;Photo;1;8;1;3;0.0;4;859.0;68.0;202
132201;Photo;1;8;1;12;1.0;0;39.0;3.0;201
132817;Photo;3;8;2;3;0.0;2;114.0;16.0;200
132817;Photo;3;8;2;10;0.0;4;220.0;19.0;199
132817;Status;2;8;3;2;1.0;2;53.0;15.0;198
132817;Photo;1;8;3;9;0.0;0;40.0;5.0;197
132817;Photo;2;8;4;3;1.0;2;139.0;25.0;196
132817;Photo;3;8;4;10;0.0;33;1155.0;102.0;195
133451;Photo;1;8;4;9;1.0;0;30.0;2.0;194
133594;Photo;2;8;5;13;0.0;1;52.0;7.0;193
133594;Photo;1;8;6;8;0.0;2;64.0;7.0;192
133594;Photo;2;8;6;10;0.0;9;278.0;43.0;191
133594;Photo;1;8;7;3;0.0;6;442.0;42.0;190
133594;Photo;2;8;7;10;1.0;3;113.0;17.0;189
133679;Photo;2;8;1;4;0.0;0;63.0;7.0;188
133679;Photo;3;8;1;10;0.0;9;766.0;43.0;187
133679;Photo;3;9;2;3;1.0;2;102.0;15.0;186
133679;Photo;2;9;2;10;0.0;3;146.0;15.0;185
134879;Photo;3;9;7;4;1.0;1;104.0;12.0;184
134879;Photo;2;9;7;10;0.0;0;61.0;6.0;183
134879;Photo;2;9;1;6;0.0;5;223.0;35.0;182
134879;Photo;1;9;1;10;0.0;0;62.0;10.0;181
134879;Photo;2;9;2;3;0.0;11;68.0;11.0;180
134879;Video;1;9;2;10;0.0;6;345.0;121.0;179
134879;Photo;3;9;3;2;1.0;1;226.0;44.0;178
134879;Photo;1;9;3;10;0.0;4;102.0;8.0;177
134879;Status;2;9;4;4;1.0;20;150.0;29.0;176
135195;Photo;2;9;4;10;0.0;4;154.0;36.0;175
135195;Photo;2;9;5;2;0.0;7;250.0;42.0;174
135195;Photo;1;9;5;11;0.0;2;234.0;40.0;173
135195;Photo;3;9;6;3;1.0;29;1047.0;98.0;172
135195;Status;2;9;6;10;1.0;2;165.0;22.0;171
135195;Photo;2;9;7;3;0.0;5;204.0;34.0;170
135195;Photo;1;9;1;4;0.0;6;179.0;40.0;169
135195;Status;2;9;1;10;0.0;38;163.0;27.0;168
135195;Photo;1;9;2;2;0.0;2;30.0;6.0;167
135195;Photo;3;9;2;9;0.0;3;188.0;26.0;166
135428;Photo;2;9;3;2;1.0;6;99.0;16.0;165
135428;Photo;1;9;3;10;0.0;144;1622.0;208.0;164
135428;Photo;3;9;4;2;1.0;8;485.0;64.0;163
135428;Photo;1;9;4;10;1.0;2;77.0;5.0;162
135428;Photo;2;9;5;3;1.0;0;113.0;19.0;161
135617;Status;2;9;6;4;0.0;4;243.0;41.0;160
135617;Photo;3;9;6;10;0.0;22;290.0;98.0;159
135617;Photo;2;9;7;3;0.0;6;244.0;32.0;158
135617;Photo;3;9;7;9;0.0;6;363.0;40.0;157
135617;Photo;2;9;1;3;1.0;1;84.0;13.0;156
135700;Photo;2;9;1;10;0.0;30;187.0;35.0;155
135700;Photo;3;9;2;2;0.0;1;115.0;21.0;154
135700;Photo;2;9;2;11;0.0;16;117.0;30.0;153
135700;Photo;2;9;3;7;0.0;0;54.0;16.0;152
135713;Photo;2;10;4;1;0.0;13;319.0;55.0;151
135713;Photo;1;10;4;10;0.0;7;161.0;25.0;150
135713;Photo;2;10;5;4;1.0;47;358.0;49.0;149
135713;Photo;2;10;5;11;0.0;2;166.0;32.0;148
135713;Photo;1;10;6;4;0.0;24;302.0;41.0;147
135713;Link;1;10;6;11;1.0;0;24.0;11.0;146
135713;Status;2;10;7;4;0.0;3;148.0;28.0;145
135713;Photo;3;10;7;10;0.0;0;80.0;14.0;144
136013;Photo;3;10;1;3;0.0;0;189.0;15.0;143
136013;Photo;1;10;1;10;1.0;6;76.0;14.0;142
136013;Photo;1;10;2;3;1.0;3;41.0;9.0;141
136013;Photo;3;10;2;10;1.0;10;377.0;60.0;140
136013;Status;2;10;3;2;1.0;60;859.0;90.0;139
136013;Status;3;10;3;10;0.0;2;227.0;36.0;138
136013;Link;1;10;4;3;0.0;15;143.0;44.0;137
136013;Photo;1;10;4;10;1.0;4;77.0;19.0;136
136013;Status;2;10;5;3;0.0;0;129.0;25.0;135
136013;Photo;1;10;5;8;0.0;4;32.0;3.0;134
136393;Link;1;10;5;10;0.0;0;32.0;16.0;133
136393;Photo;1;10;6;2;0.0;0;56.0;12.0;132
136393;Photo;1;10;6;6;0.0;2;28.0;4.0;131
136393;Photo;1;10;6;8;0.0;0;11.0;1.0;130
136393;Photo;1;10;6;9;0.0;1;7.0;2.0;129
136393;Photo;1;10;6;9;0.0;0;7.0;3.0;128
136393;Photo;1;10;6;11;0.0;0;8.0;2.0;127
136393;Photo;1;10;6;12;0.0;0;3.0;0.0;126
136393;Photo;1;10;6;13;0.0;0;4.0;1.0;125
136393;Photo;1;10;6;13;0.0;0;9.0;1.0;124
136393;Photo;3;10;7;3;0.0;3;198.0;41.0;123
136393;Photo;1;10;7;5;0.0;0;7.0;2.0;122
136393;Photo;1;10;7;7;0.0;1;3.0;2.0;121
136393;Photo;1;10;7;8;0.0;1;1.0;2.0;120
136393;Status;2;10;7;9;0.0;6;186.0;40.0;119
136393;Photo;1;10;7;10;0.0;0;6.0;2.0;118
136642;Photo;1;10;7;10;0.0;0;7.0;2.0;117
136642;Photo;1;10;7;11;0.0;0;7.0;0.0;116
136642;Photo;1;10;7;12;0.0;1;431.0;26.0;115
136642;Photo;1;10;7;12;1.0;0;4.0;2.0;114
136642;Photo;1;10;7;13;0.0;0;15.0;2.0;113
136642;Photo;2;10;1;3;1.0;2;79.0;16.0;112
136736;Photo;2;10;6;4;0.0;4;117.0;18.0;111
136736;Photo;1;10;6;10;0.0;2;28.0;4.0;110
136736;Status;2;10;7;3;0.0;4;217.0;50.0;109
136736;Photo;3;10;7;9;0.0;7;125.0;16.0;108
136736;Status;2;10;1;4;0.0;17;193.0;28.0;107
137020;Photo;3;10;1;11;0.0;9;181.0;32.0;106
137020;Photo;1;10;2;4;0.0;42;955.0;139.0;105
137020;Photo;1;10;2;11;1.0;4;59.0;9.0;104
137020;Photo;1;10;3;4;0.0;0;13.0;4.0;103
137020;Photo;3;10;3;10;0.0;2;63.0;14.0;102
137020;Photo;2;10;4;3;0.0;26;1505.0;95.0;101
137020;Photo;1;10;4;9;1.0;0;0.0;0.0;100
137020;Photo;1;10;4;10;0.0;12;328.0;90.0;99
137020;Status;2;10;5;3;1.0;7;310.0;61.0;98
137059;Photo;2;10;5;11;0.0;1;115.0;26.0;97
137059;Photo;1;10;6;3;0.0;3;51.0;11.0;96
137059;Photo;3;10;6;10;0.0;5;153.0;27.0;95
137059;Photo;2;11;7;4;0.0;2;124.0;22.0;94
137059;Photo;3;11;7;9;0.0;2;111.0;16.0;93
137059;Photo;3;11;1;3;0.0;9;301.0;32.0;92
137059;Photo;2;11;1;9;0.0;0;78.0;13.0;91
137059;Photo;1;11;2;3;0.0;13;331.0;77.0;90
137059;Photo;1;11;2;11;1.0;2;107.0;17.0;89
137177;Photo;1;11;3;3;0.0;3;30.0;6.0;88
137177;Photo;3;11;3;10;0.0;3;270.0;38.0;87
137177;Link;1;11;4;3;0.0;2;130.0;31.0;86
137177;Photo;1;11;4;9;1.0;10;140.0;8.0;85
137177;Status;3;11;5;2;0.0;2;99.0;16.0;84
137177;Photo;3;11;5;10;1.0;2;101.0;19.0;83
137177;Photo;1;11;6;3;0.0;5;190.0;57.0;82
137177;Photo;3;11;6;10;0.0;18;370.0;53.0;81
137177;Status;2;11;7;3;0.0;2;86.0;13.0;80
137177;Photo;1;11;7;12;0.0;2;29.0;7.0;79
137177;Photo;2;11;1;3;0.0;0;56.0;8.0;78
137177;Photo;1;11;1;10;0.0;4;85.0;8.0;77
137893;Photo;1;11;3;2;0.0;0;0.0;0.0;76
137893;Photo;1;11;3;2;1.0;20;411.0;74.0;75
137893;Video;1;11;3;11;0.0;2;99.0;13.0;74
137893;Photo;1;11;4;2;1.0;14;172.0;47.0;73
137893;Status;3;11;4;11;0.0;3;226.0;44.0;72
137893;Video;1;11;5;3;1.0;17;449.0;84.0;71
137893;Photo;1;11;5;10;1.0;7;146.0;9.0;70
137893;Photo;1;11;6;3;0.0;7;84.0;28.0;69
138185;Photo;1;11;6;11;0.0;0;53.0;17.0;68
138185;Photo;1;11;7;3;1.0;20;697.0;70.0;67
138185;Photo;1;11;7;11;0.0;0;48.0;7.0;66
138185;Photo;1;11;1;3;0.0;19;77.0;23.0;65
138185;Photo;1;11;1;10;0.0;2;60.0;7.0;64
138185;Photo;1;11;2;3;1.0;4;219.0;22.0;63
138185;Photo;1;11;2;10;1.0;10;179.0;13.0;62
138185;Photo;1;11;3;2;1.0;8;144.0;10.0;61
138185;Photo;1;11;3;11;1.0;8;101.0;14.0;60
138329;Photo;1;11;4;3;1.0;4;139.0;17.0;59
138329;Photo;1;11;4;10;0.0;3;76.0;11.0;58
138329;Photo;1;11;5;3;0.0;0;40.0;13.0;57
138329;Photo;1;11;5;11;0.0;2;164.0;54.0;56
138329;Video;1;11;6;2;1.0;2;65.0;14.0;55
138329;Photo;1;11;6;10;0.0;4;66.0;13.0;54
138329;Photo;1;11;7;3;0.0;4;64.0;19.0;53
138329;Photo;1;11;7;9;0.0;9;202.0;31.0;52
138329;Photo;1;11;1;3;1.0;24;285.0;28.0;51
138353;Photo;2;11;1;9;0.0;1;48.0;9.0;50
138353;Link;1;12;2;2;0.0;1;12.0;1.0;49
138353;Photo;1;12;2;11;0.0;0;77.0;15.0;48
138353;Link;1;12;3;2;0.0;6;18.0;8.0;47
138353;Status;1;12;3;11;0.0;4;174.0;36.0;46
138353;Link;1;12;4;3;1.0;4;57.0;10.0;45
138353;Photo;1;12;4;11;0.0;0;47.0;11.0;44
138353;Link;1;12;5;3;1.0;7;29.0;10.0;43
138353;Photo;1;12;5;10;0.0;7;26.0;3.0;42
138895;Link;1;12;6;3;1.0;6;187.0;18.0;41
138895;Status;2;12;6;11;0.0;7;216.0;39.0;40
138895;Photo;1;12;7;3;0.0;1;44.0;14.0;39
138895;Status;2;12;7;9;0.0;11;227.0;31.0;38
138895;Photo;1;12;7;10;1.0;16;76.0;8.0;37
138895;Photo;3;12;1;3;0.0;0;96.0;17.0;36
138895;Photo;2;12;1;11;0.0;6;172.0;21.0;35
138895;Photo;1;12;2;3;0.0;2;56.0;17.0;34
138895;Photo;3;12;2;9;0.0;4;98.0;23.0;33
138895;Photo;3;12;3;3;0.0;2;155.0;47.0;32
138895;Photo;2;12;3;10;0.0;1;27.0;11.0;31
138895;Photo;2;12;4;2;0.0;33;107.0;22.0;30
138895;Video;1;12;4;11;1.0;18;143.0;13.0;29
138895;Photo;2;12;5;3;0.0;36;523.0;63.0;28
138458;Photo;3;12;5;3;0.0;0;100.0;17.0;27
138458;Status;2;12;5;11;0.0;10;412.0;72.0;26
138458;Status;2;12;6;3;0.0;0;88.0;18.0;25
138414;Status;2;12;6;10;0.0;3;99.0;19.0;24
138414;Photo;3;12;7;3;0.0;0;72.0;24.0;23
138414;Link;1;12;7;10;0.0;0;16.0;2.0;22
138414;Photo;1;12;7;10;0.0;0;0.0;0.0;21
138414;Photo;2;12;1;3;0.0;3;66.0;12.0;20
138414;Photo;3;12;1;11;0.0;0;34.0;8.0;19
138414;Status;3;12;2;3;0.0;4;54.0;17.0;18
138414;Photo;1;12;2;12;1.0;15;678.0;20.0;17
138414;Photo;3;12;3;3;0.0;2;40.0;12.0;16
138414;Status;2;12;3;10;0.0;4;86.0;18.0;15
138414;Photo;2;12;4;5;1.0;2;577.0;20.0;14
139441;Photo;2;12;5;3;0.0;5;137.0;10.0;13
139441;Photo;2;12;5;10;0.0;0;90.0;14.0;12
139441;Photo;2;12;5;10;0.0;0;88.0;18.0;11
139441;Status;2;12;5;10;0.0;0;233.0;19.0;10
139441;Photo;3;12;6;10;0.0;3;113.0;26.0;9
139441;Status;2;12;7;3;0.0;0;161.0;31.0;8
139441;Photo;3;12;7;9;1.0;0;325.0;14.0;7
139441;Photo;3;12;1;3;1.0;3;249.0;27.0;6
139441;Status;2;12;1;9;0.0;1;152.0;33.0;5
139441;Photo;2;12;2;3;0.0;19;325.0;49.0;4
139441;Photo;2;12;2;10;1.0;58;1572.0;147.0;3
139441;Photo;3;12;3;3;0.0;0;66.0;14.0;2
139441;Status;2;12;3;10;0.0;5;130.0;29.0;1
139441;Photo;2;12;4;3;0.0;4;79.0;17.0;0
